unit,function,retail_size,gc13_fuzzy_percent,currently_source_linked
main/dlls/engine/11/11,dll_0B_detachSource,372,98.27957,False
main/dlls/engine/15/15,player_advanceMove,460,96.26087,True
main/dlls/engine/15/15,player_followCurve,316,96.64557,True
main/dlls/engine/15/15,player_update,1328,98.20783,True
main/dlls/engine/15/15,player_updateVel,412,98.252426,True
main/dlls/engine/2/2,objSeqExecCmd06,2176,92.693016,False
main/dlls/engine/20_Hcurves/Hcurves_romcurve,RomCurve_findLinkTowardNearestOfType,1612,99.602974,False
main/dlls/engine/20_Hcurves/Hcurves_romcurve,RomCurve_func13,1332,99.03904,False
main/dlls/engine/20_Hcurves/Hcurves_romcurve,curves_findNearObj,696,95.86207,False
main/dlls/engine/21/21,curves_setLocalPointCollisionEx,84,89.28571,False
main/dlls/engine/23/23,insertHighScore,504,94.10317,False
main/dlls/engine/25/25,dll_19_updateGravity,164,93.53658,True
main/dlls/engine/3/3,Checkpoint_findRouteForObject,2004,98.72256,False
main/dlls/engine/66/66,CameraModeNormal_update,1644,99.9635,False
main/dlls/objects/201_Baddie/Baddie,enemy_findNearbyEnemies,956,99.87447,True
main/dlls/objects/201_Baddie/Baddie,enemy_init,1932,98.76811,True
main/dlls/objects/209_TumbleWeedB/TumbleWeedB,tumbleweed_updateStateMachine,1936,99.04958,True
main/dlls/objects/226/226,staff_update,756,72.48677,True
main/dlls/objects/237/237,collectible_update,752,98.085106,True
main/dlls/objects/239/239,pushable_init,1552,96.829895,True
main/dlls/objects/239/239,pushable_push,2284,99.89492,True
main/dlls/objects/239/239,pushable_update,716,97.98883,True
main/dlls/objects/280_Duster/Duster,duster_update,1764,96.33787,True
main/dlls/objects/294/294,Trigger_hitDetect,1264,92.1519,True
main/dlls/objects/364/364,imSnowClaw_hitDetect,136,89.411766,True
main/dlls/objects/364/364,imSnowClaw_render,380,94.26316,True
main/dlls/objects/414/414,dll414_update,1056,97.27273,True
main/dlls/objects/424_SH_killermu/SH_killermu,EnemyMushroom_render,100,95.2,True
main/dlls/objects/429_SH_thorntai/SHthorntail,SHthorntail_updateHerdVariant,480,97.0,True
main/dlls/objects/429_SH_thorntai/SHthorntail,SHthorntail_updateSleepyVariant,644,97.76398,True
main/dlls/objects/429_SH_thorntai/SHthorntail,SHthorntail_updateState,920,98.434784,True
main/dlls/objects/429_SH_thorntai/SHthorntail,SHthorntail_updateTriggerVariant,544,97.35294,True
main/dlls/objects/430_SH_LevelCon/SH_LevelCon,SH_LevelControl_runBloopEvent,1264,98.955696,True
main/dlls/objects/430_SH_LevelCon/SH_LevelCon,SH_LevelControl_update,2452,98.384995,True
main/dlls/objects/458_DIMExplosio/DIMExplosio,explosion_init,1532,99.06005,True
main/dlls/objects/468_WORLDAstero/WORLDAstero,worldasteroids_init,408,71.27451,True
main/dlls/objects/482_DIM_BossTon/DIM_BossTon,DIMbosstonsil_render,324,98.51852,True
main/dlls/objects/483_DIM_BossGut/DIM_BossGut,DIM_BossGut2_update,716,97.98883,True
main/dlls/objects/525_WM_seqpoint/WM_seqpoint,wmseqpoint_SeqFn,752,84.680855,True
main/dlls/objects/525_WM_seqpoint/WM_seqpoint,wmseqpoint_onSeqFree,516,76.78294,True
main/dlls/objects/525_WM_seqpoint/WM_seqpoint,wmseqpoint_render,48,70.0,True
main/dlls/objects/525_WM_seqpoint/WM_seqpoint,wmseqpoint_update,888,98.37838,True
main/dlls/objects/529/529,wmwallcrawler_init,636,98.58491,True
main/dlls/objects/544/544,VFP_DoorSwitch_render,36,60.0,True
main/dlls/objects/547_VFP_corepla/VFP_corepla,VFP_coreplat_render,36,60.0,True
main/dlls/objects/557_DFP_seqpoin/DFP_seqpoin,DFP_seqpoint_render,48,70.0,True
main/dlls/objects/578_DBstealerwo/DBstealerwo,dbstealerworm_processEffectFlags,324,94.69136,True
main/dlls/objects/578_DBstealerwo/DBstealerwo,dbstealerworm_stateHandlerA07,1240,98.83871,True
main/dlls/objects/578_DBstealerwo/DBstealerwo,dbstealerworm_update,1080,98.666664,True
main/dlls/objects/591_KT_RexLevel/KT_RexLevel,KT_RexLevel_render,48,90.0,True
main/dlls/objects/592_KT_Rex/KT_Rex,ktrex_render,716,99.32961,True
main/dlls/objects/592_KT_Rex/KT_Rex,ktrex_updateAttackEffects,2220,99.35135,True
main/dlls/objects/593_KT_RexFloor/KT_RexFloor,KT_RexFloorSwitch_render,48,90.0,True
main/dlls/objects/596_KT_Fallingr/KT_Fallingr,ktfallingrocks_render,12,60.0,True
main/dlls/objects/597/597,SnowBike_init,1364,98.94428,True
main/dlls/objects/597/597,SnowBike_render,208,98.84615,True
main/dlls/objects/597/597,SnowBike_setMountState,244,94.09836,True
main/dlls/objects/597/597,SnowBike_update,1700,98.305885,True
main/dlls/objects/598_DIMSnowHorn/DIMSnowHorn,DIMSnowHorn1_ridingUpdate,620,95.354836,True
main/dlls/objects/601_SB_Cloudrun/SB_Cloudrun,SB_CloudRunner_render,320,91.0,True
main/dlls/objects/605_CRCloudRace/CRCloudRace,crcloudrace_render,48,95.0,True
main/dlls/objects/606/606,spellstone_render,64,92.5,True
main/dlls/objects/609_DR_LaserCan/DR_LaserCan,DR_LaserCannon_render,116,95.86207,True
main/dlls/objects/611_GM_MazeWell/GM_MazeWell,GM_MazeWell_update,616,97.66234,True
main/dlls/objects/614_KytesMum/KytesMum,kytesmum_render,48,90.0,True
main/dlls/objects/619_DR_Chimmey/DR_Chimmey,DR_Chimmey_render,48,90.0,True
main/dlls/objects/620/620,DR_CageWith_render,248,98.064514,True
main/dlls/objects/622/622,drshackle_render,180,97.333336,True
main/dlls/objects/623/623,drgenerator_hitDetect,364,97.52747,True
main/dlls/objects/623/623,drgenerator_render,48,90.0,True
main/dlls/objects/625/625,drakorhoverpad_handlePathPointEvent,1476,99.37669,False
main/dlls/objects/625/625,drakorhoverpad_render,348,98.62069,False
main/dlls/objects/626/626,HighTop_render,364,98.68132,True
main/dlls/objects/626/626,hightop_stateHandler09,1216,99.45724,True
main/dlls/objects/627_FirePipe/FirePipe,firepipe_render,168,97.14286,True
main/dlls/objects/643_DR_BarrelGr/DR_BarrelGr,DR_BarrelGr_update,1304,98.895706,True
main/dlls/objects/646_SPShopKeepe/SPShopKeepe,ShopKeeper_handlePromptChoice,1096,99.124084,True
main/dlls/objects/662_WCTempleDia/WCTempleDia,wctempledia_update,612,97.64706,True
main/dlls/objects/663_WCTempleBri/WCTempleBri,wctemplebri_SeqFn,660,97.545456,True
main/dlls/objects/663_WCTempleBri/WCTempleBri,wctemplebri_update,704,97.954544,True
main/main/gameloop,cacheAllocAndCopy,212,96.98113,True
main/main/gameloop_main,mainGetBit,308,97.14286,True
main/main/modelEngine,gameTimerRun,1376,99.65116,True
main/main/objhits,ObjHits_AddContactObject,104,92.11539,False
main/main/objlib,ObjPath_GetPointWorldPosition,444,99.0991,True
main/main/thp/n_options,AttractMovieAudio_DmaCallback,372,96.451614,True
main/track/intersect_render,objFrozenRenderCb,2160,96.388885,False
main/track/intersect_render,objModelProjectedIndirectRenderCb,2028,96.15385,False
main/track/intersect_render,renderWhirlpool,2500,96.88,False
main/track/intersect_render,setupWaterReflectionTev,1604,95.361595,False
