source,compiler,profile,cmenu,size,unit,exact,mnemonics_equal
current,1.2.5n,configured,87.35099,1228,86.815025,25,False
current,1.2.5n,level0,51.83444,1360,68.15604,23,False
current,1.2.5n,level1,64.72517,1184,74.59509,24,False
current,1.2.5n,level2,75.132454,1100,83.23966,24,False
current,1.2.5n,level3,89.00662,1208,87.18003,25,False
current,1.2.5n,peephole,80.43709,1160,82.12209,33,False
current,1.2.5n,schedule,70.2351,1228,58.84577,22,False
current,1.2.5n,defaults,68.75497,1160,55.657925,25,False
current,1.2.5n,space,77.20861,1092,84.8695,25,False
current,1.2.5n,auto,87.35099,1228,86.71405,25,False
current,1.2.5n,nopropagation,77.539734,1360,86.10166,25,False
current,1.2.5n,nocse,78.59271,1292,84.95909,25,False
current,1.2.5n,nolifetimes,85.334435,1228,86.66617,25,False
current,1.2.5n,noloopinvariants,87.35099,1228,86.720116,25,False
current,1.2.5n,nostrength,87.35099,1228,86.88296,25,False
current,1.2.5n,nodeadstore,87.35099,1228,86.54594,25,False
current,1.3,configured,98.84106,1208,99.97473,116,True
current,1.3,level0,47.407284,1440,68.64388,28,False
current,1.3,level1,63.4404,1252,79.51827,34,False
current,1.3,level2,75.07947,1180,91.008835,42,False
current,1.3,level3,98.84106,1208,99.72874,107,True
current,1.3,peephole,93.486755,1180,96.15779,42,False
current,1.3,schedule,77.02649,1208,64.91046,29,False
current,1.3,defaults,75.39073,1180,61.42544,22,False
current,1.3,space,86.695366,1072,97.2344,80,False
current,1.3,auto,98.84106,1208,99.85237,115,True
current,1.3,nopropagation,97.48013,1224,98.070755,79,False
current,1.3,nocse,89.13908,1264,95.78577,67,False
current,1.3,nolifetimes,96.17219,1208,99.71905,103,False
current,1.3,noloopinvariants,98.84106,1208,99.16556,104,True
current,1.3,nostrength,98.84106,1208,99.176094,101,True
current,1.3,nodeadstore,98.84106,1208,99.02777,96,True
current,1.3.2,configured,98.84106,1208,99.82577,113,True
current,1.3.2,level0,47.407284,1440,68.66569,28,False
current,1.3.2,level1,63.4404,1252,79.42837,34,False
current,1.3.2,level2,75.07947,1180,90.863594,42,False
current,1.3.2,level3,98.84106,1208,99.57977,104,True
current,1.3.2,peephole,93.486755,1180,96.067085,42,False
current,1.3.2,schedule,77.02649,1208,64.78151,29,False
current,1.3.2,defaults,75.39073,1180,61.403416,22,False
current,1.3.2,space,86.695366,1072,97.08597,79,False
current,1.3.2,auto,98.84106,1208,86.71831,97,True
current,1.3.2,nopropagation,97.48013,1224,97.895195,78,False
current,1.3.2,nocse,89.13908,1264,95.64319,66,False
current,1.3.2,nolifetimes,96.17219,1208,99.571686,101,False
current,1.3.2,noloopinvariants,98.84106,1208,99.01873,102,True
current,1.3.2,nostrength,98.84106,1208,99.02235,99,True
current,1.3.2,nodeadstore,98.84106,1208,98.87881,94,True
current,2.0,configured,98.84106,1208,99.82577,113,True
current,2.0,level0,47.407284,1440,68.66569,28,False
current,2.0,level1,63.4404,1252,79.42837,34,False
current,2.0,level2,75.07947,1180,90.863594,42,False
current,2.0,level3,98.84106,1208,99.57977,104,True
current,2.0,peephole,93.486755,1180,96.067085,42,False
current,2.0,schedule,77.02649,1208,64.78151,29,False
current,2.0,defaults,75.39073,1180,61.403416,22,False
current,2.0,space,86.695366,1072,97.08597,79,False
current,2.0,auto,98.84106,1208,86.71831,97,True
current,2.0,nopropagation,97.48013,1224,97.895195,78,False
current,2.0,nocse,89.13908,1264,95.64319,66,False
current,2.0,nolifetimes,96.17219,1208,99.571686,101,False
current,2.0,noloopinvariants,98.84106,1208,99.01873,102,True
current,2.0,nostrength,98.84106,1208,99.02235,99,True
current,2.0,nodeadstore,98.84106,1208,98.87881,94,True
indexed,1.2.5n,configured,86.87086,1220,86.80731,25,False
indexed,1.2.5n,level0,46.360928,1324,68.06809,23,False
indexed,1.2.5n,level1,64.59271,1208,74.592964,24,False
indexed,1.2.5n,level2,72.32781,1096,83.1946,24,False
indexed,1.2.5n,level3,88.04967,1200,87.16466,25,False
indexed,1.2.5n,peephole,78.00331,1152,82.08299,33,False
indexed,1.2.5n,schedule,70.35099,1220,58.847633,22,False
indexed,1.2.5n,defaults,68.18874,1152,55.648827,25,False
indexed,1.2.5n,space,75.70199,1088,84.84529,25,False
indexed,1.2.5n,auto,86.87086,1220,86.70634,25,False
indexed,1.2.5n,nopropagation,75.31788,1352,86.06597,25,False
indexed,1.2.5n,nocse,74.43378,1292,84.89227,25,False
indexed,1.2.5n,nolifetimes,84.95364,1220,86.66005,25,False
indexed,1.2.5n,noloopinvariants,86.87086,1220,86.7124,25,False
indexed,1.2.5n,nostrength,86.87086,1220,86.875244,25,False
indexed,1.2.5n,nodeadstore,86.87086,1220,86.53822,25,False
indexed,1.3,configured,96.572845,1192,99.938286,116,False
indexed,1.3,level0,44.09934,1404,68.59073,28,False
indexed,1.3,level1,62.79139,1276,79.50785,34,False
indexed,1.3,level2,72.08278,1176,90.960686,42,False
indexed,1.3,level3,96.572845,1192,99.69229,107,False
indexed,1.3,peephole,91.18543,1164,96.12082,42,False
indexed,1.3,schedule,78.38411,1192,64.932274,29,False
indexed,1.3,defaults,76.46689,1164,61.44273,22,False
indexed,1.3,space,83.73179,1060,97.18678,80,False
indexed,1.3,auto,96.572845,1192,99.815926,115,False
indexed,1.3,nopropagation,93.78808,1212,98.01144,79,False
indexed,1.3,nocse,85.5894,1264,95.72874,67,False
indexed,1.3,nolifetimes,94.069534,1192,99.68527,103,False
indexed,1.3,noloopinvariants,96.572845,1192,99.12912,104,False
indexed,1.3,nostrength,96.572845,1192,99.13965,101,False
indexed,1.3,nodeadstore,96.572845,1192,98.991325,96,False
indexed,1.3.2,configured,96.572845,1192,99.78933,113,False
indexed,1.3.2,level0,44.09934,1404,68.61254,28,False
indexed,1.3.2,level1,62.79139,1276,79.41794,34,False
indexed,1.3.2,level2,72.08278,1176,90.81545,42,False
indexed,1.3.2,level3,96.572845,1192,99.543335,104,False
indexed,1.3.2,peephole,91.18543,1164,96.03011,42,False
indexed,1.3.2,schedule,78.38411,1192,64.80332,29,False
indexed,1.3.2,defaults,76.46689,1164,61.420704,22,False
indexed,1.3.2,space,83.73179,1060,97.03836,79,False
indexed,1.3.2,auto,96.572845,1192,86.68186,97,False
indexed,1.3.2,nopropagation,93.78808,1212,97.83588,78,False
indexed,1.3.2,nocse,85.5894,1264,95.58616,66,False
indexed,1.3.2,nolifetimes,94.069534,1192,99.5379,101,False
indexed,1.3.2,noloopinvariants,96.572845,1192,98.982285,102,False
indexed,1.3.2,nostrength,96.572845,1192,98.9859,99,False
indexed,1.3.2,nodeadstore,96.572845,1192,98.84237,94,False
indexed,2.0,configured,96.572845,1192,99.78933,113,False
indexed,2.0,level0,44.09934,1404,68.61254,28,False
indexed,2.0,level1,62.79139,1276,79.41794,34,False
indexed,2.0,level2,72.08278,1176,90.81545,42,False
indexed,2.0,level3,96.572845,1192,99.543335,104,False
indexed,2.0,peephole,91.18543,1164,96.03011,42,False
indexed,2.0,schedule,78.38411,1192,64.80332,29,False
indexed,2.0,defaults,76.46689,1164,61.420704,22,False
indexed,2.0,space,83.73179,1060,97.03836,79,False
indexed,2.0,auto,96.572845,1192,86.68186,97,False
indexed,2.0,nopropagation,93.78808,1212,97.83588,78,False
indexed,2.0,nocse,85.5894,1264,95.58616,66,False
indexed,2.0,nolifetimes,94.069534,1192,99.5379,101,False
indexed,2.0,noloopinvariants,96.572845,1192,98.982285,102,False
indexed,2.0,nostrength,96.572845,1192,98.9859,99,False
indexed,2.0,nodeadstore,96.572845,1192,98.84237,94,False
shared,1.2.5n,configured,57.331127,1020,86.33271,25,False
shared,1.2.5n,level0,9.619205,1208,67.47779,23,False
shared,1.2.5n,level1,17.7649,1196,73.840614,24,False
shared,1.2.5n,level2,38.73841,920,82.654945,24,False
shared,1.2.5n,level3,58.874172,1000,86.69591,25,False
shared,1.2.5n,peephole,56.910595,944,81.74411,33,False
shared,1.2.5n,schedule,52.460266,1016,58.560196,22,False
shared,1.2.5n,defaults,50.546356,940,55.36538,25,False
shared,1.2.5n,space,44.649006,932,84.34638,25,False
shared,1.2.5n,auto,57.331127,1020,86.23174,25,False
shared,1.2.5n,nopropagation,50.450333,1116,85.666435,25,False
shared,1.2.5n,nocse,48.94371,1084,84.482735,25,False
shared,1.2.5n,nolifetimes,57.543045,1024,86.219666,25,False
shared,1.2.5n,noloopinvariants,57.331127,1020,86.2378,25,False
shared,1.2.5n,nostrength,47.7649,1100,86.246956,25,False
shared,1.2.5n,nodeadstore,57.331127,1020,86.06363,25,False
shared,1.3,configured,66.21192,976,99.4505,116,False
shared,1.3,level0,7.201987,1216,67.997925,28,False
shared,1.3,level1,19.854305,1204,78.818,34,False
shared,1.3,level2,40.52649,920,90.45369,42,False
shared,1.3,level3,66.21192,976,99.2045,107,False
shared,1.3,peephole,61.79801,948,95.64867,42,False
shared,1.3,schedule,59.781456,972,64.6334,29,False
shared,1.3,defaults,57.0,948,61.129967,22,False
shared,1.3,space,51.956955,876,96.67628,80,False
shared,1.3,auto,66.21192,976,99.32814,115,False
shared,1.3,nopropagation,58.241722,1076,97.44034,79,False
shared,1.3,nocse,56.682117,1036,95.2643,67,False
shared,1.3,nolifetimes,66.00993,976,99.23445,103,False
shared,1.3,noloopinvariants,66.21192,976,98.64133,104,False
shared,1.3,nostrength,57.089405,1048,98.505295,101,False
shared,1.3,nodeadstore,66.21192,976,98.50354,96,False
shared,1.3.2,configured,66.21192,976,99.30154,113,False
shared,1.3.2,level0,7.201987,1216,68.01974,28,False
shared,1.3.2,level1,19.854305,1204,78.728096,34,False
shared,1.3.2,level2,40.52649,920,90.30846,42,False
shared,1.3.2,level3,66.21192,976,99.05554,104,False
shared,1.3.2,peephole,61.79801,948,95.55796,42,False
shared,1.3.2,schedule,59.781456,972,64.50444,29,False
shared,1.3.2,defaults,57.0,948,61.107944,22,False
shared,1.3.2,space,51.956955,876,96.52785,79,False
shared,1.3.2,auto,66.21192,976,86.19408,97,False
shared,1.3.2,nopropagation,58.241722,1076,97.26478,78,False
shared,1.3.2,nocse,56.682117,1036,95.12172,66,False
shared,1.3.2,nolifetimes,66.00993,976,99.08709,101,False
shared,1.3.2,noloopinvariants,66.21192,976,98.49449,102,False
shared,1.3.2,nostrength,57.089405,1048,98.35155,99,False
shared,1.3.2,nodeadstore,66.21192,976,98.354576,94,False
shared,2.0,configured,66.21192,976,99.30154,113,False
shared,2.0,level0,7.201987,1216,68.01974,28,False
shared,2.0,level1,19.854305,1204,78.728096,34,False
shared,2.0,level2,40.52649,920,90.30846,42,False
shared,2.0,level3,66.21192,976,99.05554,104,False
shared,2.0,peephole,61.79801,948,95.55796,42,False
shared,2.0,schedule,59.781456,972,64.50444,29,False
shared,2.0,defaults,57.0,948,61.107944,22,False
shared,2.0,space,51.956955,876,96.52785,79,False
shared,2.0,auto,66.21192,976,86.19408,97,False
shared,2.0,nopropagation,58.241722,1076,97.26478,78,False
shared,2.0,nocse,56.682117,1036,95.12172,66,False
shared,2.0,nolifetimes,66.00993,976,99.08709,101,False
shared,2.0,noloopinvariants,66.21192,976,98.49449,102,False
shared,2.0,nostrength,57.089405,1048,98.35155,99,False
shared,2.0,nodeadstore,66.21192,976,98.354576,94,False
typed_split,1.2.5n,configured,76.30132,1192,86.6375,25,False
typed_split,1.2.5n,level0,24.986755,1328,67.72469,23,False
typed_split,1.2.5n,level1,38.539734,1316,74.17439,24,False
typed_split,1.2.5n,level2,56.39404,1076,82.93861,24,False
typed_split,1.2.5n,level3,76.5,1172,86.979095,25,False
typed_split,1.2.5n,peephole,72.31126,1116,81.99154,33,False
typed_split,1.2.5n,schedule,66.13908,1192,58.779964,22,False
typed_split,1.2.5n,defaults,64.837746,1112,55.59499,25,False
typed_split,1.2.5n,space,59.589405,1088,84.586426,25,False
typed_split,1.2.5n,auto,76.30132,1192,86.53652,25,False
typed_split,1.2.5n,nopropagation,68.37749,1276,85.95446,25,False
typed_split,1.2.5n,nocse,57.536423,1304,84.62079,25,False
typed_split,1.2.5n,nolifetimes,76.364235,1192,86.52205,25,False
typed_split,1.2.5n,noloopinvariants,76.30132,1192,86.54259,25,False
typed_split,1.2.5n,nostrength,65.1457,1256,86.5262,25,False
typed_split,1.2.5n,nodeadstore,76.30132,1192,86.36841,25,False
typed_split,1.3,configured,84.25497,1152,99.74039,116,False
typed_split,1.3,level0,22.930464,1376,68.250626,28,False
typed_split,1.3,level1,38.354305,1364,79.115234,34,False
typed_split,1.3,level2,58.02318,1132,90.734795,42,False
typed_split,1.3,level3,84.25497,1152,99.494385,107,False
typed_split,1.3,peephole,78.36092,1124,95.91477,42,False
typed_split,1.3,schedule,74.46358,1152,64.869286,29,False
typed_split,1.3,defaults,71.29139,1124,61.359577,22,False
typed_split,1.3,space,69.31457,1040,96.955154,80,False
typed_split,1.3,auto,84.25497,1152,99.61803,115,False
typed_split,1.3,nopropagation,77.3808,1236,97.74783,79,False
typed_split,1.3,nocse,66.43709,1264,95.42103,67,False
typed_split,1.3,nolifetimes,83.572845,1152,99.516624,103,False
typed_split,1.3,noloopinvariants,84.25497,1152,98.93121,104,False
typed_split,1.3,nostrength,75.08609,1212,98.79443,101,False
typed_split,1.3,nodeadstore,84.25497,1152,98.79343,96,False
typed_split,1.3.2,configured,84.25497,1152,99.59142,113,False
typed_split,1.3.2,level0,22.930464,1376,68.27244,28,False
typed_split,1.3.2,level1,38.354305,1364,79.02532,34,False
typed_split,1.3.2,level2,58.02318,1132,90.58956,42,False
typed_split,1.3.2,level3,84.25497,1152,99.34543,104,False
typed_split,1.3.2,peephole,78.36092,1124,95.824066,42,False
typed_split,1.3.2,schedule,74.46358,1152,64.74033,29,False
typed_split,1.3.2,defaults,71.29139,1124,61.337555,22,False
typed_split,1.3.2,space,69.31457,1040,96.806725,79,False
typed_split,1.3.2,auto,84.25497,1152,86.48396,97,False
typed_split,1.3.2,nopropagation,77.3808,1236,97.57227,78,False
typed_split,1.3.2,nocse,66.43709,1264,95.27845,66,False
typed_split,1.3.2,nolifetimes,83.572845,1152,99.36926,101,False
typed_split,1.3.2,noloopinvariants,84.25497,1152,98.78438,102,False
typed_split,1.3.2,nostrength,75.08609,1212,98.640686,99,False
typed_split,1.3.2,nodeadstore,84.25497,1152,98.64446,94,False
typed_split,2.0,configured,84.25497,1152,99.59142,113,False
typed_split,2.0,level0,22.930464,1376,68.27244,28,False
typed_split,2.0,level1,38.354305,1364,79.02532,34,False
typed_split,2.0,level2,58.02318,1132,90.58956,42,False
typed_split,2.0,level3,84.25497,1152,99.34543,104,False
typed_split,2.0,peephole,78.36092,1124,95.824066,42,False
typed_split,2.0,schedule,74.46358,1152,64.74033,29,False
typed_split,2.0,defaults,71.29139,1124,61.337555,22,False
typed_split,2.0,space,69.31457,1040,96.806725,79,False
typed_split,2.0,auto,84.25497,1152,86.48396,97,False
typed_split,2.0,nopropagation,77.3808,1236,97.57227,78,False
typed_split,2.0,nocse,66.43709,1264,95.27845,66,False
typed_split,2.0,nolifetimes,83.572845,1152,99.36926,101,False
typed_split,2.0,noloopinvariants,84.25497,1152,98.78438,102,False
typed_split,2.0,nostrength,75.08609,1212,98.640686,99,False
typed_split,2.0,nodeadstore,84.25497,1152,98.64446,94,False
